-- MySQL dump 10.13  Distrib 8.0.15, for Win64 (x86_64)
--
-- Host: localhost    Database: airtickets
-- ------------------------------------------------------
-- Server version	8.0.15

/*!40101 SET @OLD_CHARACTER_SET_CLIENT=@@CHARACTER_SET_CLIENT */;
/*!40101 SET @OLD_CHARACTER_SET_RESULTS=@@CHARACTER_SET_RESULTS */;
/*!40101 SET @OLD_COLLATION_CONNECTION=@@COLLATION_CONNECTION */;
 SET NAMES utf8mb4 ;
/*!40103 SET @OLD_TIME_ZONE=@@TIME_ZONE */;
/*!40103 SET TIME_ZONE='+00:00' */;
/*!40014 SET @OLD_UNIQUE_CHECKS=@@UNIQUE_CHECKS, UNIQUE_CHECKS=0 */;
/*!40014 SET @OLD_FOREIGN_KEY_CHECKS=@@FOREIGN_KEY_CHECKS, FOREIGN_KEY_CHECKS=0 */;
/*!40101 SET @OLD_SQL_MODE=@@SQL_MODE, SQL_MODE='NO_AUTO_VALUE_ON_ZERO' */;
/*!40111 SET @OLD_SQL_NOTES=@@SQL_NOTES, SQL_NOTES=0 */;

--
-- Table structure for table `carrier`
--

DROP TABLE IF EXISTS `carrier`;
/*!40101 SET @saved_cs_client     = @@character_set_client */;
 SET character_set_client = utf8mb4 ;
CREATE TABLE `carrier` (
  `id` int(11) NOT NULL AUTO_INCREMENT,
  `carriers_id` varchar(10) NOT NULL,
  `full_name` varchar(255) NOT NULL,
  PRIMARY KEY (`id`),
  UNIQUE KEY `carriers_id` (`carriers_id`)
) ENGINE=InnoDB AUTO_INCREMENT=783 DEFAULT CHARSET=utf8mb4 COLLATE=utf8mb4_0900_ai_ci;
/*!40101 SET character_set_client = @saved_cs_client */;

--
-- Dumping data for table `carrier`
--

LOCK TABLES `carrier` WRITE;
/*!40000 ALTER TABLE `carrier` DISABLE KEYS */;
INSERT INTO `carrier` VALUES (1,'EI','AER LINGUS'),(3,'SK','SCANDINAVIAN AIRLINES'),(4,'AY','FINNAIR'),(5,'BA','BRITISH AIRWAYS'),(6,'VS','VIRGIN ATLANTIC'),(7,'AF','AIR FRANCE'),(8,'KL','KLM ROYAL DUTCH AIRLINES'),(9,'DL','DELTA AIR LINES'),(11,'UA','UNITED AIRLINES'),(12,'AS','ALASKA AIRLINES'),(13,'O2','HOPSCOTCH AIR'),(14,'F9','FRONTIER AIRLINES'),(15,'B6','JETBLUE AIRWAYS'),(16,'OS','AUSTRIAN AIRLINES'),(17,'SN','BRUSSELS AIRLINES'),(18,'LH','LUFTHANSA'),(19,'QE','qwerty');
/*!40000 ALTER TABLE `carrier` ENABLE KEYS */;
UNLOCK TABLES;

--
-- Table structure for table `city`
--

DROP TABLE IF EXISTS `city`;
/*!40101 SET @saved_cs_client     = @@character_set_client */;
 SET character_set_client = utf8mb4 ;
CREATE TABLE `city` (
  `id` int(11) NOT NULL AUTO_INCREMENT,
  `IATA` varchar(8) NOT NULL,
  `name` varchar(20) DEFAULT NULL,
  PRIMARY KEY (`id`),
  UNIQUE KEY `IATA` (`IATA`)
) ENGINE=InnoDB AUTO_INCREMENT=1932 DEFAULT CHARSET=utf8mb4 COLLATE=utf8mb4_0900_ai_ci;
/*!40101 SET character_set_client = @saved_cs_client */;

--
-- Dumping data for table `city`
--

LOCK TABLES `city` WRITE;
/*!40000 ALTER TABLE `city` DISABLE KEYS */;
INSERT INTO `city` VALUES (1,'ABQ','ABQ'),(2,'DUB','DUB'),(3,'SNN','SNN'),(4,'ALB','ALB'),(5,'ORK','ORK'),(6,'AMS','AMS'),(7,'LON','LON'),(8,'SAO','SAO'),(9,'TYO','TYO'),(10,'ANC','ANC'),(11,'STO','STO'),(12,'ATL','ATL'),(13,'ABZ','ABZ'),(14,'ACA','ACA'),(15,'ADD','ADD'),(16,'AKL','AKL'),(17,'AMD','AMD'),(18,'AUA','AUA'),(19,'AUS','AUS'),(20,'BDA','BDA'),(21,'BGI','BGI'),(22,'BHX','BHX'),(23,'BLL','BLL'),(24,'BRE','BRE'),(25,'BRS','BRS'),(26,'BUE','BUE'),(27,'BUH','BUH'),(28,'BZE','BZE'),(29,'CAN','CAN'),(30,'CCS','CCS'),(31,'CPT','CPT'),(32,'CTA','CTA'),(33,'CUN','CUN'),(34,'DAR','DAR'),(35,'DAY','DAY'),(36,'EYW','EYW'),(37,'FAO','FAO'),(38,'FLR','FLR'),(39,'FNT','FNT'),(40,'GCM','GCM'),(41,'GOA','GOA'),(42,'GUA','GUA'),(43,'HEL','HEL'),(44,'HNL','HNL'),(45,'HOU','HOU'),(46,'IST','IST'),(47,'JED','JED'),(48,'KTW','KTW'),(49,'KUL','KUL'),(50,'LAX','LAX'),(51,'LPA','LPA'),(52,'MIA','MIA'),(53,'MKE','MKE'),(54,'MLM','MLM'),(55,'MNL','MNL'),(56,'MOW','MOW'),(57,'MRS','MRS'),(58,'MSY','MSY'),(59,'MUC','MUC'),(60,'MYR','MYR'),(61,'NAP','NAP'),(62,'NAS','NAS'),(63,'NBO','NBO'),(64,'NUE','NUE'),(65,'OKA','OKA'),(66,'OMA','OMA'),(67,'ONT','ONT'),(68,'ORF','ORF'),(69,'PBI','PBI'),(70,'PDX','PDX'),(71,'PMI','PMI'),(72,'PRG','PRG'),(73,'PSA','PSA'),(74,'PTY','PTY'),(75,'REK','REK'),(76,'RIC','RIC'),(77,'RNO','RNO'),(78,'ROM','ROM'),(79,'RTB','RTB'),(80,'SAV','SAV'),(81,'SFO','SFO'),(82,'SIN','SIN'),(83,'SLU','SLU'),(84,'SOF','SOF'),(85,'STL','STL'),(86,'SVQ','SVQ'),(87,'TSR','TSR'),(88,'VCE','VCE'),(89,'WAW','WAW'),(90,'YOW','YOW'),(91,'YYC','YYC'),(92,'ZRH','ZRH'),(93,'BHM','BHM'),(94,'BOD','BOD'),(95,'HAJ','HAJ'),(96,'BHZ','BHZ'),(97,'TLL','TLL'),(98,'BLR','BLR'),(99,'BBI','BBI'),(100,'CCJ','CCJ'),(101,'CCU','CCU'),(102,'CJB','CJB'),(103,'CMB','CMB'),(104,'DEL','DEL'),(105,'FRA','FRA'),(106,'GOI','GOI'),(107,'HKT','HKT'),(108,'IXE','IXE'),(109,'MEL','MEL'),(110,'NYC','NYC'),(111,'PAR','PAR'),(112,'BNA','BNA'),(113,'MAD','MAD'),(114,'BOG','BOG'),(115,'BAQ','BAQ'),(116,'BCN','BCN'),(117,'MDE','MDE'),(118,'BOM','BOM'),(119,'HKG','HKG'),(120,'BOS','BOS'),(121,'ALG','ALG'),(122,'BEG','BEG'),(123,'BUF','BUF'),(124,'CHI','CHI'),(125,'CLE','CLE'),(126,'CPH','CPH'),(127,'DLA','DLA'),(128,'DTT','DTT'),(129,'DXB','DXB'),(130,'EBB','EBB'),(131,'GDN','GDN'),(132,'GEG','GEG'),(133,'GND','GND'),(134,'HAM','HAM'),(135,'JNB','JNB'),(136,'JTR','JTR'),(137,'KTM','KTM'),(138,'MBJ','MBJ'),(139,'MEM','MEM'),(140,'MKC','MKC'),(141,'MLE','MLE'),(142,'NCL','NCL'),(143,'PHL','PHL'),(144,'POS','POS'),(145,'PUJ','PUJ'),(146,'RAK','RAK'),(147,'RZE','RZE'),(148,'SAL','SAL'),(149,'SAN','SAN'),(150,'SEA','SEA'),(151,'SGN','SGN'),(152,'SKG','SKG'),(153,'SNA','SNA'),(154,'SPU','SPU'),(155,'TCI','TCI'),(156,'TGU','TGU'),(157,'TLS','TLS'),(158,'TPA','TPA'),(159,'TPE','TPE'),(160,'VLC','VLC'),(161,'WRO','WRO'),(162,'YTO','YTO'),(163,'ZAG','ZAG'),(164,'EAS','EAS'),(165,'COK','COK'),(166,'CLT','CLT'),(167,'ALC','ALC'),(168,'BFS','BFS'),(169,'BUD','BUD'),(170,'CGN','CGN'),(171,'DEN','DEN'),(172,'EDI','EDI'),(173,'IBZ','IBZ'),(174,'KRK','KRK'),(175,'LIR','LIR'),(176,'MAN','MAN'),(177,'MGA','MGA'),(178,'MLA','MLA'),(179,'PVR','PVR'),(180,'RIX','RIX'),(181,'SAT','SAT'),(182,'SJO','SJO'),(183,'SYR','SYR'),(184,'TRN','TRN'),(185,'UIO','UIO'),(186,'VIE','VIE'),(187,'VRN','VRN'),(188,'YMQ','YMQ'),(189,'YVR','YVR'),(190,'CMH','CMH'),(191,'DUS','DUS'),(192,'COS','COS'),(193,'EAP','EAP'),(194,'VNO','VNO'),(195,'ATH','ATH'),(196,'BTV','BTV'),(197,'CAI','CAI'),(198,'CAK','CAK'),(199,'HFD','HFD'),(200,'LIM','LIM'),(201,'LUX','LUX'),(202,'MSO','MSO'),(203,'NCE','NCE'),(204,'OGG','OGG'),(205,'PNS','PNS'),(206,'PVD','PVD'),(207,'SAC','SAC'),(208,'SDQ','SDQ'),(209,'SLC','SLC'),(210,'TYS','TYS'),(211,'WAS','WAS'),(212,'ZIH','ZIH'),(213,'DFW','DFW'),(214,'ACC','ACC'),(215,'BEY','BEY'),(216,'BLQ','BLQ'),(217,'BRI','BRI'),(218,'CAE','CAE'),(219,'CLJ','CLJ'),(220,'CVG','CVG'),(221,'FAT','FAT'),(222,'GLA','GLA'),(223,'GRR','GRR'),(224,'GSP','GSP'),(225,'IND','IND'),(226,'JAC','JAC'),(227,'MEX','MEX'),(228,'MIL','MIL'),(229,'RDU','RDU'),(230,'RIO','RIO'),(231,'SDF','SDF'),(232,'SJD','SJD'),(233,'STX','STX'),(234,'SYD','SYD'),(235,'TIA','TIA'),(236,'VPS','VPS'),(237,'OSA','OSA'),(238,'SVX','SVX'),(239,'FLL','FLL'),(240,'BRU','BRU'),(241,'CLO','CLO'),(242,'HPN','HPN'),(243,'ISP','ISP'),(244,'LAS','LAS'),(245,'OPO','OPO'),(246,'ORL','ORL'),(247,'PHX','PHX'),(248,'POP','POP'),(249,'POZ','POZ'),(250,'SXM','SXM'),(251,'BSB','BSB'),(252,'CNS','CNS'),(253,'ELP','ELP'),(254,'JAX','JAX'),(255,'LIS','LIS'),(256,'PNH','PNH'),(257,'SEL','SEL'),(258,'SHA','SHA'),(259,'SKP','SKP'),(260,'TAS','TAS'),(261,'VTE','VTE'),(262,'GSO','GSO'),(263,'HGH','HGH'),(264,'KRR','KRR'),(265,'BKI','BKI'),(266,'MYY','MYY'),(267,'PEN','PEN'),(268,'RGN','RGN'),(269,'LJU','LJU'),(270,'OKC','OKC'),(271,'PIT','PIT'),(272,'PMO','PMO'),(273,'SJU','SJU'),(274,'SZG','SZG'),(275,'BIO','BIO'),(276,'BJS','BJS'),(277,'BLI','BLI'),(278,'CHC','CHC'),(279,'CTG','CTG'),(280,'CUR','CUR'),(281,'DLC','DLC'),(282,'EVN','EVN'),(283,'FPO','FPO'),(284,'FSD','FSD'),(285,'GOT','GOT'),(286,'GVA','GVA'),(287,'KOA','KOA'),(288,'KRT','KRT'),(289,'KWI','KWI'),(290,'LCA','LCA'),(291,'LHE','LHE'),(292,'LOS','LOS'),(293,'LPB','LPB'),(294,'LTO','LTO'),(295,'MAA','MAA'),(296,'MHT','MHT'),(297,'MSQ','MSQ'),(298,'MTY','MTY'),(299,'NAN','NAN'),(300,'PER','PER'),(301,'PPT','PPT'),(302,'REC','REC'),(303,'REP','REP'),(304,'TUS','TUS'),(305,'ULN','ULN'),(306,'WLG','WLG'),(307,'YEA','YEA'),(308,'LED','LED'),(309,'LYS','LYS'),(310,'DBV','DBV'),(311,'KIV','KIV'),(312,'LWO','LWO'),(313,'MDZ','MDZ'),(314,'SSA','SSA'),(315,'TUN','TUN'),(316,'CUL','CUL'),(317,'TGZ','TGZ'),(318,'AGP','AGP'),(319,'AMM','AMM'),(320,'BJX','BJX'),(321,'CUZ','CUZ'),(322,'YQB','YQB'),(323,'MSP','MSP'),(324,'BER','BER'),(325,'BOI','BOI'),(326,'BZN','BZN'),(327,'NGO','NGO'),(328,'OAK','OAK'),(329,'PSP','PSP'),(330,'TLV','TLV'),(331,'BKK','BKK'),(332,'DPS','DPS'),(333,'MRU','MRU'),(334,'SJJ','SJJ'),(335,'STT','STT'),(336,'YHZ','YHZ'),(337,'HYD','HYD'),(338,'OSL','OSL'),(339,'ROC','ROC'),(340,'SCL','SCL'),(341,'AYT','AYT'),(342,'IPC','IPC'),(343,'PMC','PMC'),(344,'PUQ','PUQ'),(345,'CHS','CHS'),(346,'CNX','CNX'),(347,'DSM','DSM'),(348,'HAN','HAN'),(349,'LGB','LGB'),(350,'LIH','LIH'),(351,'MZT','MZT'),(352,'SBA','SBA'),(353,'STR','STR'),(354,'TUL','TUL'),(355,'YUL','YUL'),(356,'CGQ','CGQ'),(357,'BNE','BNE'),(358,'EUG','EUG'),(359,'GDL','GDL'),(360,'OAX','OAX'),(361,'SHE','SHE'),(362,'TRV','TRV'),(363,'YYJ','YYJ'),(364,'ADL','ADL'),(365,'AUH','AUH'),(366,'BCD','BCD'),(367,'BME','BME'),(368,'BWN','BWN'),(369,'CEB','CEB'),(370,'CKG','CKG'),(371,'DAC','DAC'),(372,'GES','GES'),(373,'HKD','HKD'),(374,'JOG','JOG'),(375,'KBV','KBV'),(376,'KMG','KMG'),(377,'MDC','MDC'),(378,'MES','MES'),(379,'PMR','PMR'),(380,'SOQ','SOQ'),(381,'SRG','SRG'),(382,'TGG','TGG'),(383,'UPG','UPG'),(384,'VTZ','VTZ'),(385,'ZQN','ZQN'),(386,'SJC','SJC'),(387,'SPK','SPK'),(388,'YLW','YLW'),(389,'PLS','PLS'),(390,'YWG','YWG'),(391,'YXE','YXE'),(392,'ORD','ORD'),(393,'LHR','LHR'),(394,'DTW','DTW'),(395,'CDG','CDG'),(396,'IAD','IAD'),(397,'JFK','JFK'),(398,'YYZ','YYZ'),(400,'PAE','US'),(401,'IAH','US'),(402,'DCA','US'),(403,'SWF','US'),(404,'MCO','US'),(405,'ACK','US'),(515,'RDM','US'),(707,'PSC','US');
/*!40000 ALTER TABLE `city` ENABLE KEYS */;
UNLOCK TABLES;

--
-- Table structure for table `class`
--

DROP TABLE IF EXISTS `class`;
/*!40101 SET @saved_cs_client     = @@character_set_client */;
 SET character_set_client = utf8mb4 ;
CREATE TABLE `class` (
  `id` int(11) NOT NULL AUTO_INCREMENT,
  `descri` varchar(20) NOT NULL,
  PRIMARY KEY (`id`)
) ENGINE=InnoDB DEFAULT CHARSET=utf8mb4 COLLATE=utf8mb4_0900_ai_ci;
/*!40101 SET character_set_client = @saved_cs_client */;

--
-- Dumping data for table `class`
--

LOCK TABLES `class` WRITE;
/*!40000 ALTER TABLE `class` DISABLE KEYS */;
/*!40000 ALTER TABLE `class` ENABLE KEYS */;
UNLOCK TABLES;

--
-- Table structure for table `flight`
--

DROP TABLE IF EXISTS `flight`;
/*!40101 SET @saved_cs_client     = @@character_set_client */;
 SET character_set_client = utf8mb4 ;
CREATE TABLE `flight` (
  `id` int(11) NOT NULL AUTO_INCREMENT,
  `IATA1` int(11) NOT NULL,
  `IATA2` int(11) NOT NULL,
  `price` smallint(5) NOT NULL,
  `planeid` int(11) NOT NULL,
  `free_sits` smallint(3) NOT NULL,
  `date_d` datetime NOT NULL,
  `date_a` datetime NOT NULL,
  `duration` varchar(15) NOT NULL,
  `carrier_id` int(11) NOT NULL,
  PRIMARY KEY (`id`),
  KEY `IATA1` (`IATA1`),
  KEY `IATA2` (`IATA2`),
  KEY `planeid` (`planeid`),
  KEY `fk_carrier_id` (`carrier_id`),
  CONSTRAINT `fk_carrier_id` FOREIGN KEY (`carrier_id`) REFERENCES `carrier` (`id`) ON DELETE CASCADE,
  CONSTRAINT `flight_ibfk_1` FOREIGN KEY (`IATA1`) REFERENCES `city` (`id`) ON DELETE CASCADE,
  CONSTRAINT `flight_ibfk_2` FOREIGN KEY (`IATA2`) REFERENCES `city` (`id`) ON DELETE CASCADE,
  CONSTRAINT `flight_ibfk_3` FOREIGN KEY (`planeid`) REFERENCES `plane` (`id`) ON DELETE CASCADE
) ENGINE=InnoDB AUTO_INCREMENT=4484 DEFAULT CHARSET=utf8mb4 COLLATE=utf8mb4_0900_ai_ci;
/*!40101 SET character_set_client = @saved_cs_client */;

--
-- Dumping data for table `flight`
--

LOCK TABLES `flight` WRITE;
/*!40000 ALTER TABLE `flight` DISABLE KEYS */;
INSERT INTO `flight` VALUES (4434,1,150,98,426,162,'2020-11-15 14:00:00','2020-11-15 16:14:00','PT3H14M',12),(4435,1,150,101,433,162,'2020-11-15 11:40:00','2020-11-15 15:55:00','PT5H15M',11),(4436,1,150,101,401,162,'2020-11-15 16:00:00','2020-11-15 20:52:00','PT5H52M',11),(4437,1,150,101,401,162,'2020-11-15 07:10:00','2020-11-15 13:27:00','PT7H17M',11),(4438,1,150,332,401,162,'2020-11-15 07:10:00','2020-11-15 15:55:00','PT9H45M',11),(4439,1,150,332,433,162,'2020-11-15 11:40:00','2020-11-15 21:40:00','PT11H',11),(4440,1,150,332,401,162,'2020-11-15 07:10:00','2020-11-15 21:40:00','PT15H30M',11),(4441,1,150,332,433,162,'2020-11-15 11:40:00','2020-11-16 10:00:00','PT23H20M',11),(4442,1,150,332,433,162,'2020-11-15 11:40:00','2020-11-16 13:27:00','PT26H47M',11),(4443,1,150,332,401,162,'2020-11-15 07:10:00','2020-11-16 10:00:00','PT27H50M',11),(4444,1,400,353,433,162,'2020-11-15 11:40:00','2020-11-15 21:47:00','PT11H7M',11),(4445,1,400,353,401,162,'2020-11-15 07:10:00','2020-11-15 21:47:00','PT15H37M',11),(4446,1,150,362,401,162,'2020-11-15 16:00:00','2020-11-16 15:17:00','PT24H17M',11),(4447,1,150,387,433,162,'2020-11-15 11:40:00','2020-11-15 19:55:00','PT9H15M',11),(4448,1,150,387,401,162,'2020-11-15 07:10:00','2020-11-15 16:10:00','PT10H',11),(4449,1,150,387,401,162,'2020-11-15 07:10:00','2020-11-15 19:55:00','PT13H45M',11),(4450,1,150,387,433,162,'2020-11-15 11:40:00','2020-11-16 08:00:00','PT21H20M',11),(4451,1,150,406,433,162,'2020-11-15 11:40:00','2020-11-15 16:10:00','PT5H30M',11),(4452,1,150,406,401,162,'2020-11-15 07:10:00','2020-11-15 14:29:00','PT8H19M',11),(4453,1,150,446,401,162,'2020-11-15 16:00:00','2020-11-16 09:18:00','PT18H18M',11),(4454,1,150,446,401,162,'2020-11-15 16:00:00','2020-11-16 10:18:00','PT19H18M',11),(4455,1,150,446,401,162,'2020-11-15 16:00:00','2020-11-16 11:35:00','PT20H35M',11),(4456,1,150,446,401,162,'2020-11-15 16:00:00','2020-11-16 14:50:00','PT23H50M',11),(4457,1,150,446,401,162,'2020-11-15 16:00:00','2020-11-16 15:53:00','PT24H53M',11),(4458,1,150,447,415,162,'2020-11-15 12:45:00','2020-11-16 11:47:00','PT24H2M',11),(4459,1,150,902,433,162,'2020-11-15 15:40:00','2020-11-15 22:52:00','PT8H12M',11),(4460,1,150,902,433,162,'2020-11-15 09:50:00','2020-11-15 18:10:00','PT9H20M',11),(4461,1,150,105,429,162,'2021-03-02 19:35:00','2021-03-02 21:40:00','PT3H5M',12),(4462,1,150,113,401,155,'2021-03-02 07:00:00','2021-03-02 13:39:00','PT7H39M',11),(4463,1,150,105,429,162,'2021-03-02 19:35:00','2021-03-02 21:40:00','PT3H5M',12),(4464,1,150,113,401,161,'2021-03-02 07:00:00','2021-03-02 13:39:00','PT7H39M',11),(4465,1,150,113,401,158,'2021-03-02 15:15:00','2021-03-02 22:02:00','PT7H47M',11),(4466,1,150,133,398,162,'2021-03-02 07:13:00','2021-03-02 13:55:00','PT7H42M',12),(4467,1,400,231,401,162,'2021-03-02 15:15:00','2021-03-02 21:37:00','PT7H22M',11),(4468,1,150,323,401,162,'2021-03-02 07:22:00','2021-03-02 14:50:00','PT8H28M',9),(4469,1,150,328,401,162,'2021-03-02 07:22:00','2021-03-02 16:42:00','PT10H20M',9),(4470,1,150,328,401,162,'2021-03-02 07:22:00','2021-03-02 18:15:00','PT11H53M',9),(4471,1,150,328,401,162,'2021-03-02 07:22:00','2021-03-02 19:36:00','PT13H14M',9),(4472,1,150,328,401,162,'2021-03-02 07:22:00','2021-03-02 20:30:00','PT14H8M',9),(4473,1,150,328,401,162,'2021-03-02 07:22:00','2021-03-02 21:31:00','PT15H9M',9),(4474,1,150,328,401,162,'2021-03-02 07:22:00','2021-03-02 22:41:00','PT16H19M',9),(4475,1,150,328,401,162,'2021-03-02 07:22:00','2021-03-02 23:59:00','PT17H37M',9),(4476,1,150,495,401,162,'2021-03-02 15:15:00','2021-03-02 20:27:00','PT6H12M',11),(4477,1,150,500,401,162,'2021-03-02 07:00:00','2021-03-02 14:40:00','PT8H40M',11),(4478,1,150,500,401,162,'2021-03-02 07:00:00','2021-03-02 17:00:00','PT11H',11),(4479,1,150,500,401,162,'2021-03-02 07:00:00','2021-03-02 20:27:00','PT14H27M',11),(4480,1,150,500,401,162,'2021-03-02 07:00:00','2021-03-02 17:53:00','PT11H53M',11),(4481,1,150,500,401,162,'2021-03-02 07:00:00','2021-03-02 22:02:00','PT16H2M',11),(4482,1,150,500,401,162,'2021-03-02 15:15:00','2021-03-03 13:39:00','PT23H24M',11),(4483,1,150,500,401,162,'2021-03-02 15:15:00','2021-03-03 17:53:00','PT27H38M',11);
/*!40000 ALTER TABLE `flight` ENABLE KEYS */;
UNLOCK TABLES;

--
-- Table structure for table `order_payment`
--

DROP TABLE IF EXISTS `order_payment`;
/*!40101 SET @saved_cs_client     = @@character_set_client */;
 SET character_set_client = utf8mb4 ;
CREATE TABLE `order_payment` (
  `id` int(11) NOT NULL AUTO_INCREMENT,
  `order_id` int(11) NOT NULL,
  `cost` varchar(100) NOT NULL,
  `payment` smallint(1) DEFAULT NULL,
  PRIMARY KEY (`id`),
  KEY `order_id` (`order_id`),
  CONSTRAINT `order_payment_ibfk_1` FOREIGN KEY (`order_id`) REFERENCES `user_order` (`id`) ON DELETE CASCADE
) ENGINE=InnoDB DEFAULT CHARSET=utf8mb4 COLLATE=utf8mb4_0900_ai_ci;
/*!40101 SET character_set_client = @saved_cs_client */;

--
-- Dumping data for table `order_payment`
--

LOCK TABLES `order_payment` WRITE;
/*!40000 ALTER TABLE `order_payment` DISABLE KEYS */;
/*!40000 ALTER TABLE `order_payment` ENABLE KEYS */;
UNLOCK TABLES;

--
-- Table structure for table `plane`
--

DROP TABLE IF EXISTS `plane`;
/*!40101 SET @saved_cs_client     = @@character_set_client */;
 SET character_set_client = utf8mb4 ;
CREATE TABLE `plane` (
  `id` int(11) NOT NULL AUTO_INCREMENT,
  `planeid` varchar(10) NOT NULL,
  `name` varchar(50) NOT NULL,
  `sits` smallint(3) DEFAULT NULL,
  PRIMARY KEY (`id`),
  UNIQUE KEY `planeid` (`planeid`)
) ENGINE=InnoDB AUTO_INCREMENT=1205 DEFAULT CHARSET=utf8mb4 COLLATE=utf8mb4_0900_ai_ci;
/*!40101 SET character_set_client = @saved_cs_client */;

--
-- Dumping data for table `plane`
--

LOCK TABLES `plane` WRITE;
/*!40000 ALTER TABLE `plane` DISABLE KEYS */;
INSERT INTO `plane` VALUES (398,'CR7','CANADAIR REGIONAL JET 700',162),(399,'330','AIRBUS INDUSTRIE A330',162),(400,'AT7','ATR 72',162),(401,'E7W','EMBRAER 175 (ENHANCED WINGLETS)',162),(402,'333','AIRBUS A330-300',162),(403,'CR9','CANADAIR REGIONAL JET 900',162),(404,'781','BOEING 787-10',162),(405,'319','AIRBUS A319',162),(406,'320','AIRBUS A320',162),(407,'32A','AIRBUS A320 (SHARKLETS)',162),(408,'32N','AIRBUS A320NEO',162),(409,'738','BOEING 737-800',162),(410,'332','AIRBUS A330-200',162),(411,'73W','BOEING 737-700 (WINGLETS)',162),(412,'E90','EMBRAER 190',162),(413,'77W','BOEING 777-300ER',162),(414,'359','AIRBUS A350-900',162),(415,'E70','EMBRAER 170',162),(416,'772','BOEING 777-200/200ER',162),(417,'388','AIRBUS A380-800',162),(418,'717','BOEING 717-200',162),(419,'321','AIRBUS A321',162),(420,'76W','BOEING 767-300 (WINGLETS)',162),(421,'73H','BOEING 737-800 (WINGLETS)',162),(422,'757','BOEING 757',162),(423,'752','BOEING 757-200',162),(424,'74E','BOEING 747-400 MIXED CONFIGURATION',162),(425,'318','AIRBUS A318',162),(426,'32S','AIRBUS INDUSTRIE A318/A319/A320/A321',162),(427,'739','BOEING 737-900',162),(428,'ERJ','EMBRAER RJ135/140/145',162),(429,'73J','BOEING 737-900',162),(430,'E75','EMBRAER 175',162),(431,'CN1','CESSNA (SINGLE PISTON ENGINE)',162),(432,'DH4','DE HAVILLAND DHC-8 400 SERIES',162),(433,'CRJ','CANADAIR REGIONAL JET',162),(434,'789','BOEING 787-9',162),(435,'32Q','AIRBUS A321NEO',162),(436,'777','BOEING 777-200/300',162),(437,'763','BOEING 767-300/300ER',162),(438,'764','BOEING 767-400',162),(439,'351','AIRBUS A350-1000',162),(440,'787','787  ALL SERIES PASSENGER',162),(441,'CNA','CESSNA (LIGHT AIRCRAFT)',162),(570,'7M9','BOEING 737 MAX 9',162);
/*!40000 ALTER TABLE `plane` ENABLE KEYS */;
UNLOCK TABLES;

--
-- Table structure for table `role`
--

DROP TABLE IF EXISTS `role`;
/*!40101 SET @saved_cs_client     = @@character_set_client */;
 SET character_set_client = utf8mb4 ;
CREATE TABLE `role` (
  `id` tinyint(4) NOT NULL AUTO_INCREMENT,
  `descri` varchar(50) DEFAULT NULL,
  PRIMARY KEY (`id`)
) ENGINE=InnoDB AUTO_INCREMENT=4 DEFAULT CHARSET=utf8mb4 COLLATE=utf8mb4_0900_ai_ci;
/*!40101 SET character_set_client = @saved_cs_client */;

--
-- Dumping data for table `role`
--

LOCK TABLES `role` WRITE;
/*!40000 ALTER TABLE `role` DISABLE KEYS */;
INSERT INTO `role` VALUES (1,'user'),(2,'moderator'),(3,'admin');
/*!40000 ALTER TABLE `role` ENABLE KEYS */;
UNLOCK TABLES;

--
-- Table structure for table `ticket`
--

DROP TABLE IF EXISTS `ticket`;
/*!40101 SET @saved_cs_client     = @@character_set_client */;
 SET character_set_client = utf8mb4 ;
CREATE TABLE `ticket` (
  `id` int(11) NOT NULL AUTO_INCREMENT,
  `owner` int(11) NOT NULL,
  `reservation` tinyint(1) NOT NULL,
  `type` tinyint(1) DEFAULT NULL,
  `flight` int(11) DEFAULT NULL,
  `sit` varchar(3) DEFAULT NULL,
  `document` varchar(20) DEFAULT NULL,
  `pas_full_name` varchar(150) NOT NULL,
  PRIMARY KEY (`id`),
  KEY `owner` (`owner`),
  KEY `type` (`type`),
  KEY `flight` (`flight`),
  CONSTRAINT `ticket_ibfk_1` FOREIGN KEY (`owner`) REFERENCES `user` (`id`) ON DELETE CASCADE,
  CONSTRAINT `ticket_ibfk_2` FOREIGN KEY (`type`) REFERENCES `type` (`id`) ON DELETE SET NULL,
  CONSTRAINT `ticket_ibfk_3` FOREIGN KEY (`flight`) REFERENCES `flight` (`id`) ON DELETE SET NULL
) ENGINE=InnoDB AUTO_INCREMENT=5568 DEFAULT CHARSET=utf8mb4 COLLATE=utf8mb4_0900_ai_ci;
/*!40101 SET character_set_client = @saved_cs_client */;

--
-- Dumping data for table `ticket`
--

LOCK TABLES `ticket` WRITE;
/*!40000 ALTER TABLE `ticket` DISABLE KEYS */;
INSERT INTO `ticket` VALUES (5565,10,0,15,4462,NULL,'qqqqqqqqqqq','qqq www eee'),(5566,10,0,15,4462,NULL,'11111111111','zzz sss eee'),(5567,10,0,15,4464,NULL,'sssssssssss','qqq www eee');
/*!40000 ALTER TABLE `ticket` ENABLE KEYS */;
UNLOCK TABLES;

--
-- Table structure for table `transfer`
--

DROP TABLE IF EXISTS `transfer`;
/*!40101 SET @saved_cs_client     = @@character_set_client */;
 SET character_set_client = utf8mb4 ;
CREATE TABLE `transfer` (
  `id` int(11) NOT NULL AUTO_INCREMENT,
  `flight_id` int(11) NOT NULL,
  `IATA1` int(11) NOT NULL,
  `IATA2` int(11) NOT NULL,
  `date_dep` datetime NOT NULL,
  `date_arrival` datetime NOT NULL,
  `planeid` int(11) NOT NULL,
  `duration` varchar(15) NOT NULL,
  `carrier_id` int(11) NOT NULL,
  PRIMARY KEY (`id`),
  KEY `flight_id` (`flight_id`),
  KEY `IATA1` (`IATA1`),
  KEY `IATA2` (`IATA2`),
  KEY `fk_transfer_carrier_id` (`carrier_id`),
  CONSTRAINT `fk_transfer_carrier_id` FOREIGN KEY (`carrier_id`) REFERENCES `carrier` (`id`) ON DELETE CASCADE,
  CONSTRAINT `transfer_ibfk_1` FOREIGN KEY (`flight_id`) REFERENCES `flight` (`id`) ON DELETE CASCADE,
  CONSTRAINT `transfer_ibfk_2` FOREIGN KEY (`IATA1`) REFERENCES `city` (`id`) ON DELETE CASCADE,
  CONSTRAINT `transfer_ibfk_3` FOREIGN KEY (`IATA2`) REFERENCES `city` (`id`) ON DELETE CASCADE
) ENGINE=InnoDB AUTO_INCREMENT=7692 DEFAULT CHARSET=utf8mb4 COLLATE=utf8mb4_0900_ai_ci;
/*!40101 SET character_set_client = @saved_cs_client */;

--
-- Dumping data for table `transfer`
--

LOCK TABLES `transfer` WRITE;
/*!40000 ALTER TABLE `transfer` DISABLE KEYS */;
INSERT INTO `transfer` VALUES (7600,4435,1,171,'2020-11-15 11:40:00','2020-11-15 13:04:00',433,'PT1H24M',11),(7601,4435,171,150,'2020-11-15 13:55:00','2020-11-15 15:55:00',427,'PT3H',11),(7602,4436,1,81,'2020-11-15 16:00:00','2020-11-15 17:40:00',401,'PT2H40M',11),(7603,4436,81,150,'2020-11-15 18:40:00','2020-11-15 20:52:00',409,'PT2H12M',11),(7604,4437,1,171,'2020-11-15 07:10:00','2020-11-15 08:35:00',401,'PT1H25M',11),(7605,4437,171,150,'2020-11-15 11:26:00','2020-11-15 13:27:00',406,'PT3H1M',11),(7606,4438,1,171,'2020-11-15 07:10:00','2020-11-15 08:35:00',401,'PT1H25M',11),(7607,4438,171,150,'2020-11-15 13:55:00','2020-11-15 15:55:00',427,'PT3H',11),(7608,4439,1,171,'2020-11-15 11:40:00','2020-11-15 13:04:00',433,'PT1H24M',11),(7609,4439,171,150,'2020-11-15 19:40:00','2020-11-15 21:40:00',409,'PT3H',11),(7610,4440,1,171,'2020-11-15 07:10:00','2020-11-15 08:35:00',401,'PT1H25M',11),(7611,4440,171,150,'2020-11-15 19:40:00','2020-11-15 21:40:00',409,'PT3H',11),(7612,4441,1,171,'2020-11-15 11:40:00','2020-11-15 13:04:00',433,'PT1H24M',11),(7613,4441,171,150,'2020-11-16 08:00:00','2020-11-16 10:00:00',406,'PT3H',11),(7614,4442,1,171,'2020-11-15 11:40:00','2020-11-15 13:04:00',433,'PT1H24M',11),(7615,4442,171,150,'2020-11-16 11:26:00','2020-11-16 13:27:00',406,'PT3H1M',11),(7616,4443,1,171,'2020-11-15 07:10:00','2020-11-15 08:35:00',401,'PT1H25M',11),(7617,4443,171,150,'2020-11-16 08:00:00','2020-11-16 10:00:00',406,'PT3H',11),(7618,4444,1,171,'2020-11-15 11:40:00','2020-11-15 13:04:00',433,'PT1H24M',11),(7619,4444,171,400,'2020-11-15 19:40:00','2020-11-15 21:47:00',401,'PT3H7M',11),(7620,4445,1,171,'2020-11-15 07:10:00','2020-11-15 08:35:00',401,'PT1H25M',11),(7621,4445,171,400,'2020-11-15 19:40:00','2020-11-15 21:47:00',401,'PT3H7M',11),(7622,4446,1,81,'2020-11-15 16:00:00','2020-11-15 17:40:00',401,'PT2H40M',11),(7623,4446,81,150,'2020-11-16 13:05:00','2020-11-16 15:17:00',405,'PT2H12M',11),(7624,4447,1,171,'2020-11-15 11:40:00','2020-11-15 13:04:00',433,'PT1H24M',11),(7625,4447,171,150,'2020-11-15 18:00:00','2020-11-15 19:55:00',429,'PT2H55M',12),(7626,4448,1,171,'2020-11-15 07:10:00','2020-11-15 08:35:00',401,'PT1H25M',11),(7627,4448,171,150,'2020-11-15 14:15:00','2020-11-15 16:10:00',421,'PT2H55M',12),(7628,4449,1,171,'2020-11-15 07:10:00','2020-11-15 08:35:00',401,'PT1H25M',11),(7629,4449,171,150,'2020-11-15 18:00:00','2020-11-15 19:55:00',429,'PT2H55M',12),(7630,4450,1,171,'2020-11-15 11:40:00','2020-11-15 13:04:00',433,'PT1H24M',11),(7631,4450,171,150,'2020-11-16 06:00:00','2020-11-16 08:00:00',421,'PT3H',12),(7632,4451,1,171,'2020-11-15 11:40:00','2020-11-15 13:04:00',433,'PT1H24M',11),(7633,4451,171,150,'2020-11-15 14:15:00','2020-11-15 16:10:00',421,'PT2H55M',12),(7634,4452,1,171,'2020-11-15 07:10:00','2020-11-15 08:35:00',401,'PT1H25M',11),(7635,4452,171,150,'2020-11-15 12:30:00','2020-11-15 14:29:00',429,'PT2H59M',12),(7636,4453,1,81,'2020-11-15 16:00:00','2020-11-15 17:40:00',401,'PT2H40M',11),(7637,4453,81,150,'2020-11-16 07:00:00','2020-11-16 09:18:00',421,'PT2H18M',12),(7638,4454,1,81,'2020-11-15 16:00:00','2020-11-15 17:40:00',401,'PT2H40M',11),(7639,4454,81,150,'2020-11-16 08:00:00','2020-11-16 10:18:00',426,'PT2H18M',12),(7640,4455,1,81,'2020-11-15 16:00:00','2020-11-15 17:40:00',401,'PT2H40M',11),(7641,4455,81,150,'2020-11-16 09:15:00','2020-11-16 11:35:00',429,'PT2H20M',12),(7642,4456,1,81,'2020-11-15 16:00:00','2020-11-15 17:40:00',401,'PT2H40M',11),(7643,4456,81,150,'2020-11-16 12:35:00','2020-11-16 14:50:00',429,'PT2H15M',12),(7644,4457,1,81,'2020-11-15 16:00:00','2020-11-15 17:40:00',401,'PT2H40M',11),(7645,4457,81,150,'2020-11-16 13:35:00','2020-11-16 15:53:00',429,'PT2H18M',12),(7646,4458,1,392,'2020-11-15 12:45:00','2020-11-15 16:35:00',415,'PT2H50M',11),(7647,4458,392,150,'2020-11-16 09:07:00','2020-11-16 11:47:00',427,'PT4H40M',11),(7648,4459,1,401,'2020-11-15 15:40:00','2020-11-15 18:51:00',433,'PT2H11M',11),(7649,4459,401,150,'2020-11-15 19:50:00','2020-11-15 22:52:00',405,'PT5H2M',11),(7650,4460,1,401,'2020-11-15 09:50:00','2020-11-15 13:01:00',433,'PT2H11M',11),(7651,4460,401,150,'2020-11-15 15:25:00','2020-11-15 18:10:00',429,'PT4H45M',12),(7652,4464,1,171,'2021-03-02 07:00:00','2021-03-02 08:25:00',401,'PT1H25M',11),(7653,4464,171,150,'2021-03-02 11:37:00','2021-03-02 13:39:00',406,'PT3H2M',11),(7654,4465,1,171,'2021-03-02 15:15:00','2021-03-02 16:39:00',401,'PT1H24M',11),(7655,4465,171,150,'2021-03-02 20:00:00','2021-03-02 22:02:00',405,'PT3H2M',11),(7656,4466,1,247,'2021-03-02 07:13:00','2021-03-02 08:48:00',398,'PT1H35M',12),(7657,4466,247,150,'2021-03-02 11:55:00','2021-03-02 13:55:00',429,'PT3H',12),(7658,4467,1,171,'2021-03-02 15:15:00','2021-03-02 16:39:00',401,'PT1H24M',11),(7659,4467,171,400,'2021-03-02 19:30:00','2021-03-02 21:37:00',401,'PT3H7M',11),(7660,4468,1,50,'2021-03-02 07:22:00','2021-03-02 08:41:00',401,'PT2H19M',9),(7661,4468,50,150,'2021-03-02 12:05:00','2021-03-02 14:50:00',419,'PT2H45M',12),(7662,4469,1,50,'2021-03-02 07:22:00','2021-03-02 08:41:00',401,'PT2H19M',9),(7663,4469,50,150,'2021-03-02 13:55:00','2021-03-02 16:42:00',406,'PT2H47M',12),(7664,4470,1,50,'2021-03-02 07:22:00','2021-03-02 08:41:00',401,'PT2H19M',9),(7665,4470,50,150,'2021-03-02 15:30:00','2021-03-02 18:15:00',419,'PT2H45M',12),(7666,4471,1,50,'2021-03-02 07:22:00','2021-03-02 08:41:00',401,'PT2H19M',9),(7667,4471,50,150,'2021-03-02 16:50:00','2021-03-02 19:36:00',406,'PT2H46M',12),(7668,4472,1,50,'2021-03-02 07:22:00','2021-03-02 08:41:00',401,'PT2H19M',9),(7669,4472,50,150,'2021-03-02 17:45:00','2021-03-02 20:30:00',429,'PT2H45M',12),(7670,4473,1,50,'2021-03-02 07:22:00','2021-03-02 08:41:00',401,'PT2H19M',9),(7671,4473,50,150,'2021-03-02 18:45:00','2021-03-02 21:31:00',406,'PT2H46M',12),(7672,4474,1,50,'2021-03-02 07:22:00','2021-03-02 08:41:00',401,'PT2H19M',9),(7673,4474,50,150,'2021-03-02 19:55:00','2021-03-02 22:41:00',570,'PT2H46M',12),(7674,4475,1,50,'2021-03-02 07:22:00','2021-03-02 08:41:00',401,'PT2H19M',9),(7675,4475,50,150,'2021-03-02 21:15:00','2021-03-02 23:59:00',429,'PT2H44M',12),(7676,4476,1,171,'2021-03-02 15:15:00','2021-03-02 16:39:00',401,'PT1H24M',11),(7677,4476,171,150,'2021-03-02 18:30:00','2021-03-02 20:27:00',429,'PT2H57M',12),(7678,4477,1,171,'2021-03-02 07:00:00','2021-03-02 08:25:00',401,'PT1H25M',11),(7679,4477,171,150,'2021-03-02 12:40:00','2021-03-02 14:40:00',429,'PT3H',12),(7680,4478,1,171,'2021-03-02 07:00:00','2021-03-02 08:25:00',401,'PT1H25M',11),(7681,4478,171,150,'2021-03-02 15:05:00','2021-03-02 17:00:00',429,'PT2H55M',12),(7682,4479,1,171,'2021-03-02 07:00:00','2021-03-02 08:25:00',401,'PT1H25M',11),(7683,4479,171,150,'2021-03-02 18:30:00','2021-03-02 20:27:00',429,'PT2H57M',12),(7684,4480,1,171,'2021-03-02 07:00:00','2021-03-02 08:25:00',401,'PT1H25M',11),(7685,4480,171,150,'2021-03-02 15:55:00','2021-03-02 17:53:00',405,'PT2H58M',11),(7686,4481,1,171,'2021-03-02 07:00:00','2021-03-02 08:25:00',401,'PT1H25M',11),(7687,4481,171,150,'2021-03-02 20:00:00','2021-03-02 22:02:00',405,'PT3H2M',11),(7688,4482,1,171,'2021-03-02 15:15:00','2021-03-02 16:39:00',401,'PT1H24M',11),(7689,4482,171,150,'2021-03-03 11:37:00','2021-03-03 13:39:00',406,'PT3H2M',11),(7690,4483,1,171,'2021-03-02 15:15:00','2021-03-02 16:39:00',401,'PT1H24M',11),(7691,4483,171,150,'2021-03-03 15:55:00','2021-03-03 17:53:00',405,'PT2H58M',11);
/*!40000 ALTER TABLE `transfer` ENABLE KEYS */;
UNLOCK TABLES;

--
-- Table structure for table `transfer_ticket`
--

DROP TABLE IF EXISTS `transfer_ticket`;
/*!40101 SET @saved_cs_client     = @@character_set_client */;
 SET character_set_client = utf8mb4 ;
CREATE TABLE `transfer_ticket` (
  `id` int(11) NOT NULL AUTO_INCREMENT,
  `transfer_id` int(11) NOT NULL,
  `ticket_id` int(11) NOT NULL,
  `sit` varchar(3) DEFAULT NULL,
  `document` varchar(20) DEFAULT NULL,
  PRIMARY KEY (`id`),
  KEY `transfer_id` (`transfer_id`),
  KEY `ticket_id` (`ticket_id`),
  CONSTRAINT `transfer_ticket_ibfk_1` FOREIGN KEY (`transfer_id`) REFERENCES `transfer` (`id`) ON DELETE CASCADE,
  CONSTRAINT `transfer_ticket_ibfk_2` FOREIGN KEY (`ticket_id`) REFERENCES `ticket` (`id`) ON DELETE CASCADE
) ENGINE=InnoDB AUTO_INCREMENT=9881 DEFAULT CHARSET=utf8mb4 COLLATE=utf8mb4_0900_ai_ci;
/*!40101 SET character_set_client = @saved_cs_client */;

--
-- Dumping data for table `transfer_ticket`
--

LOCK TABLES `transfer_ticket` WRITE;
/*!40000 ALTER TABLE `transfer_ticket` DISABLE KEYS */;
INSERT INTO `transfer_ticket` VALUES (9879,7652,5567,NULL,NULL),(9880,7653,5567,NULL,NULL);
/*!40000 ALTER TABLE `transfer_ticket` ENABLE KEYS */;
UNLOCK TABLES;

--
-- Table structure for table `type`
--

DROP TABLE IF EXISTS `type`;
/*!40101 SET @saved_cs_client     = @@character_set_client */;
 SET character_set_client = utf8mb4 ;
CREATE TABLE `type` (
  `id` tinyint(1) NOT NULL AUTO_INCREMENT,
  `descri` varchar(20) NOT NULL,
  PRIMARY KEY (`id`)
) ENGINE=InnoDB AUTO_INCREMENT=17 DEFAULT CHARSET=utf8mb4 COLLATE=utf8mb4_0900_ai_ci;
/*!40101 SET character_set_client = @saved_cs_client */;

--
-- Dumping data for table `type`
--

LOCK TABLES `type` WRITE;
/*!40000 ALTER TABLE `type` DISABLE KEYS */;
INSERT INTO `type` VALUES (15,'econom'),(16,'business');
/*!40000 ALTER TABLE `type` ENABLE KEYS */;
UNLOCK TABLES;

--
-- Table structure for table `user`
--

DROP TABLE IF EXISTS `user`;
/*!40101 SET @saved_cs_client     = @@character_set_client */;
 SET character_set_client = utf8mb4 ;
CREATE TABLE `user` (
  `id` int(11) NOT NULL AUTO_INCREMENT,
  `first_name` varchar(30) DEFAULT NULL,
  `second_name` varchar(30) DEFAULT NULL,
  `last_name` varchar(30) DEFAULT NULL,
  `document_sn` varchar(20) DEFAULT NULL,
  `age` tinyint(1) NOT NULL,
  `sex` tinyint(1) NOT NULL,
  `role` tinyint(1) DEFAULT NULL,
  `email` varchar(255) NOT NULL,
  `login` varchar(255) NOT NULL,
  `pas` varchar(255) NOT NULL,
  PRIMARY KEY (`id`),
  UNIQUE KEY `login` (`login`),
  UNIQUE KEY `email` (`email`),
  KEY `role` (`role`),
  CONSTRAINT `user_ibfk_1` FOREIGN KEY (`role`) REFERENCES `role` (`id`) ON DELETE SET NULL
) ENGINE=InnoDB AUTO_INCREMENT=14 DEFAULT CHARSET=utf8mb4 COLLATE=utf8mb4_0900_ai_ci;
/*!40101 SET character_set_client = @saved_cs_client */;

--
-- Dumping data for table `user`
--

LOCK TABLES `user` WRITE;
/*!40000 ALTER TABLE `user` DISABLE KEYS */;
INSERT INTO `user` VALUES (9,'qwe','asd','zxc','1234 123456',1,1,1,'test@mail.ru','testuser','3c9909afec25354d551dae21590bb26e38d53f2173b8d3dc3eee4c047e7ab1c1eb8b85103e3be7ba613b31bb5c9c36214dc9f14a42fd7a2fdb84856bca5c44c2'),(10,'test','admin','admin','1234 123456',111,1,3,'testadmin@mail.ru','testadmin','3c9909afec25354d551dae21590bb26e38d53f2173b8d3dc3eee4c047e7ab1c1eb8b85103e3be7ba613b31bb5c9c36214dc9f14a42fd7a2fdb84856bca5c44c2'),(11,'test','mode','rator',NULL,25,1,3,'testmoderator@mail.ru','testmoderator','3c9909afec25354d551dae21590bb26e38d53f2173b8d3dc3eee4c047e7ab1c1eb8b85103e3be7ba613b31bb5c9c36214dc9f14a42fd7a2fdb84856bca5c44c2'),(12,'test','create','123',NULL,22,1,2,'testcreate@mail.ru','testcreate','3c9909afec25354d551dae21590bb26e38d53f2173b8d3dc3eee4c047e7ab1c1eb8b85103e3be7ba613b31bb5c9c36214dc9f14a42fd7a2fdb84856bca5c44c2');
/*!40000 ALTER TABLE `user` ENABLE KEYS */;
UNLOCK TABLES;

--
-- Table structure for table `user_order`
--

DROP TABLE IF EXISTS `user_order`;
/*!40101 SET @saved_cs_client     = @@character_set_client */;
 SET character_set_client = utf8mb4 ;
CREATE TABLE `user_order` (
  `id` int(11) NOT NULL AUTO_INCREMENT,
  `owner` int(11) NOT NULL,
  `special_id` varchar(255) NOT NULL,
  `ticket_id` int(11) NOT NULL,
  PRIMARY KEY (`id`),
  KEY `owner` (`owner`),
  KEY `ticket_id` (`ticket_id`),
  CONSTRAINT `user_order_ibfk_1` FOREIGN KEY (`owner`) REFERENCES `user` (`id`) ON DELETE CASCADE,
  CONSTRAINT `user_order_ibfk_2` FOREIGN KEY (`ticket_id`) REFERENCES `ticket` (`id`) ON DELETE CASCADE
) ENGINE=InnoDB AUTO_INCREMENT=91 DEFAULT CHARSET=utf8mb4 COLLATE=utf8mb4_0900_ai_ci;
/*!40101 SET character_set_client = @saved_cs_client */;

--
-- Dumping data for table `user_order`
--

LOCK TABLES `user_order` WRITE;
/*!40000 ALTER TABLE `user_order` DISABLE KEYS */;
INSERT INTO `user_order` VALUES (88,10,'161596128110',5565),(89,10,'161596128110',5566),(90,10,'161596173810',5567);
/*!40000 ALTER TABLE `user_order` ENABLE KEYS */;
UNLOCK TABLES;
/*!40103 SET TIME_ZONE=@OLD_TIME_ZONE */;

/*!40101 SET SQL_MODE=@OLD_SQL_MODE */;
/*!40014 SET FOREIGN_KEY_CHECKS=@OLD_FOREIGN_KEY_CHECKS */;
/*!40014 SET UNIQUE_CHECKS=@OLD_UNIQUE_CHECKS */;
/*!40101 SET CHARACTER_SET_CLIENT=@OLD_CHARACTER_SET_CLIENT */;
/*!40101 SET CHARACTER_SET_RESULTS=@OLD_CHARACTER_SET_RESULTS */;
/*!40101 SET COLLATION_CONNECTION=@OLD_COLLATION_CONNECTION */;
/*!40111 SET SQL_NOTES=@OLD_SQL_NOTES */;

-- Dump completed on 2021-03-18 16:41:00
